{
    "epoch": 3.0,
    "eval_loss": 1.0184770822525024,
    "eval_runtime": 405.7268,
    "eval_samples_per_second": 15.488,
    "eval_steps_per_second": 0.969,
    "total_flos": 0.0,
    "train_loss": 1.4956104650790971,
    "train_runtime": 41286.0017,
    "train_samples_per_second": 7.1,
    "train_steps_per_second": 0.111
}