{
    "epoch": 5.0,
    "eval_loss": 0.7144377827644348,
    "eval_runtime": 217.3733,
    "eval_samples_per_second": 28.909,
    "eval_steps_per_second": 7.227,
    "total_flos": 0.0,
    "train_loss": 1.4169045870421362,
    "train_runtime": 8526.8943,
    "train_samples_per_second": 11.439,
    "train_steps_per_second": 0.715
}