{
    "epoch": 5.0,
    "eval_loss": 4.620812892913818,
    "eval_runtime": 79.9783,
    "eval_samples_per_second": 27.107,
    "eval_steps_per_second": 6.777,
    "total_flos": 0.0,
    "train_loss": 5.729894269099001,
    "train_runtime": 7118.2339,
    "train_samples_per_second": 13.703,
    "train_steps_per_second": 0.857
}